zip_code,year,median_household_income
85746,2011,45096
85750,2011,80900
85714,2011,26683
85641,2011,80625
85710,2011,42423
85704,2011,55904
85705,2011,25350
85718,2011,75818
85719,2011,29298
85742,2011,69879
85743,2011,67434
85745,2011,49662
85747,2011,78212
85749,2011,82069
85712,2011,32641
85739,2011,57044
85707,2011,45481
85724,2011,-666666666
85755,2011,68892
85756,2011,47150
85757,2011,49919
85715,2011,55321
85737,2011,83314
85741,2011,55714
85748,2011,66617
85711,2011,36189
85713,2011,31992
85730,2011,49648
85716,2011,32370
85701,2011,29262
85706,2011,29883
85735,2011,46606
33612,2011,30456
33614,2011,36864
33615,2011,45739
33620,2011,-666666666
33607,2011,30774
33609,2011,61004
33617,2011,39551
33647,2011,71055
33705,2011,34251
33556,2011,90826
33604,2011,36633
33618,2011,60824
33637,2011,42208
33763,2011,38217
33602,2011,60510
33624,2011,60596
34677,2011,57642
33619,2011,35135
33545,2011,69391
33559,2011,54727
33634,2011,45517
33629,2011,89019
33606,2011,62742
33616,2011,47097
33605,2011,28100
33610,2011,30750
33611,2011,52941
33625,2011,61709
33635,2011,53159
33511,2011,52820
33603,2011,32832
33613,2011,28793
33621,2011,53462
33626,2011,94690
46077,2011,106386
46128,2011,62663
46208,2011,32944
46219,2011,42589
46239,2011,63090
46241,2011,35278
46033,2011,114941
46240,2011,52929
46142,2011,68122
46203,2011,32770
46222,2011,28149
46224,2011,33079
46226,2011,36163
46228,2011,59786
46231,2011,66496
46254,2011,41354
46260,2011,42400
46278,2011,108654
46112,2011,75890
46113,2011,62299
46218,2011,27664
46220,2011,61907
46236,2011,82434
46221,2011,45329
46227,2011,39447
46268,2011,43894
46143,2011,69811
46202,2011,33009
46205,2011,37374
46217,2011,60381
46259,2011,85252
46037,2011,105040
46201,2011,27515
46225,2011,26889
46234,2011,62032
46250,2011,54752
46229,2011,44804
46235,2011,35484
46032,2011,93835
46204,2011,24486
46214,2011,40015
46216,2011,40417
46237,2011,58540
46256,2011,75697
46280,2011,60294
46290,2011,179500
37138,2011,55741
37207,2011,30780
37208,2011,22679
37203,2011,25852
37205,2011,82476
37214,2011,48684
37026,2011,42361
37115,2011,36826
37135,2011,97438
37201,2011,51678
37213,2011,29125
37067,2011,88540
37013,2011,48198
37076,2011,52428
37072,2011,51353
37206,2011,32697
37210,2011,25662
37215,2011,90899
37220,2011,95878
37221,2011,66982
37209,2011,41023
37217,2011,41957
37219,2011,44543
37027,2011,113696
37189,2011,46068
37228,2011,15819
37211,2011,43858
37212,2011,50531
37216,2011,46033
37218,2011,46829
37204,2011,62818
37243,2011,-666666666
37246,2011,-666666666
19115,2011,47547
19120,2011,34129
19150,2011,46622
19087,2011,103020
19111,2011,45855
19123,2011,45044
19142,2011,30581
19143,2011,31724
19148,2011,36561
19149,2011,41482
19151,2011,37787
19118,2011,80950
19121,2011,14984
19128,2011,61216
19131,2011,30912
19135,2011,36480
19102,2011,65703
19113,2011,96389
19122,2011,20697
19129,2011,52442
19133,2011,14586
19144,2011,29849
19130,2011,59510
19152,2011,45619
19138,2011,34350
19139,2011,26487
19146,2011,33605
19140,2011,22755
19147,2011,51753
19137,2011,42184
19112,2011,-666666666
19124,2011,28988
19103,2011,55398
19104,2011,21801
19114,2011,53070
19119,2011,56815
19125,2011,39319
19127,2011,55500
19107,2011,42194
19126,2011,40681
19132,2011,21177
19134,2011,24048
19136,2011,42492
19106,2011,93222
19141,2011,31557
19145,2011,35988
19116,2011,56014
19153,2011,51212
19154,2011,59164
19454,2011,82359
85707,2012,45216
85724,2012,-666666666
85755,2012,67077
85756,2012,47446
85757,2012,50865
85715,2012,54016
85737,2012,82768
85741,2012,53943
85748,2012,69368
85711,2012,35091
85713,2012,33232
85730,2012,49271
85716,2012,32510
85701,2012,30121
85706,2012,29142
85746,2012,41113
85750,2012,78856
85714,2012,25912
85735,2012,49655
85641,2012,81452
85710,2012,42788
85704,2012,55158
85705,2012,24477
85718,2012,75705
85719,2012,26907
85742,2012,68189
85743,2012,70449
85745,2012,51610
85747,2012,80763
85749,2012,81824
85712,2012,32007
85739,2012,57869
33605,2012,26537
33610,2012,29567
33611,2012,52970
33625,2012,55514
33635,2012,52663
33511,2012,52461
33603,2012,33213
33613,2012,26991
33621,2012,59375
33626,2012,96498
33602,2012,65148
33624,2012,56881
34677,2012,57392
33612,2012,28632
33614,2012,35008
33615,2012,46827
33620,2012,-666666666
33607,2012,31520
33609,2012,61114
33617,2012,37354
33647,2012,70489
33705,2012,34317
33556,2012,91232
33604,2012,33881
33618,2012,59696
33637,2012,42587
33763,2012,37945
33619,2012,33471
33545,2012,65878
33559,2012,54231
33634,2012,46611
33629,2012,92405
33606,2012,61629
33616,2012,46188
46142,2012,68836
46203,2012,31469
46222,2012,27077
46224,2012,32788
46226,2012,35320
46228,2012,59515
46231,2012,66610
46254,2012,39660
46260,2012,42153
46278,2012,109816
46112,2012,77121
46113,2012,63985
46218,2012,26937
46220,2012,62822
46236,2012,80606
46221,2012,46005
46227,2012,37486
46268,2012,43778
46143,2012,67893
46202,2012,34967
46205,2012,36602
46217,2012,61593
46259,2012,84916
46037,2012,103932
46201,2012,25800
46225,2012,25924
46234,2012,65000
46250,2012,55126
46229,2012,43548
46235,2012,36525
46032,2012,95900
46204,2012,33986
46214,2012,41307
46216,2012,42132
46237,2012,57780
46256,2012,74703
46077,2012,107627
46128,2012,63841
46208,2012,31565
46219,2012,40916
46239,2012,65022
46241,2012,35464
46033,2012,115207
46240,2012,53839
46290,2012,149157
46280,2012,59323
37211,2012,42517
37212,2012,50873
37216,2012,45625
37218,2012,44989
37204,2012,63019
37243,2012,-666666666
37246,2012,-666666666
37138,2012,54813
37207,2012,32384
37208,2012,21415
37135,2012,97300
37201,2012,51832
37213,2012,30568
37067,2012,89806
37013,2012,48603
37076,2012,51668
37203,2012,24881
37205,2012,84759
37214,2012,48585
37026,2012,36533
37115,2012,36086
37072,2012,52539
37206,2012,34915
37210,2012,26385
37215,2012,97127
37220,2012,99767
37221,2012,68237
37209,2012,42121
37217,2012,40755
37219,2012,45167
37027,2012,116054
37189,2012,48065
37228,2012,25362
19112,2012,-666666666
19124,2012,28996
19103,2012,61761
19104,2012,19465
19114,2012,51798
19119,2012,59044
19125,2012,37369
19127,2012,61300
19107,2012,43649
19126,2012,41255
19132,2012,22456
19134,2012,23681
19140,2012,21759
19147,2012,56221
19137,2012,42976
19136,2012,44556
19106,2012,89588
19141,2012,31363
19145,2012,35040
19116,2012,50849
19115,2012,46120
19120,2012,33417
19150,2012,46875
19087,2012,107412
19111,2012,45209
19123,2012,46660
19142,2012,30762
19143,2012,30450
19148,2012,37230
19149,2012,37196
19151,2012,38117
19152,2012,48682
19138,2012,36644
19139,2012,25374
19146,2012,37025
19118,2012,81542
19121,2012,15935
19128,2012,63353
19131,2012,29899
19135,2012,36942
19102,2012,71404
19113,2012,102750
19122,2012,21929
19129,2012,50180
19133,2012,14297
19144,2012,30093
19130,2012,60211
19454,2012,84741
19153,2012,48240
19154,2012,59852
85641,2013,81917
85710,2013,42204
85704,2013,52918
85705,2013,23769
85718,2013,73900
85719,2013,27009
85742,2013,66887
85743,2013,69577
85745,2013,49380
85747,2013,81474
85749,2013,84151
85712,2013,31290
85739,2013,58376
85735,2013,52712
85707,2013,45958
85724,2013,-666666666
85755,2013,75648
85756,2013,46672
85757,2013,51220
85715,2013,53943
85737,2013,82754
85741,2013,51871
85748,2013,69871
85711,2013,32557
85713,2013,33459
85730,2013,46733
85716,2013,33058
85701,2013,34017
85706,2013,29814
85746,2013,41427
85750,2013,74060
85714,2013,24874
33605,2013,26313
33610,2013,29130
33611,2013,54021
33625,2013,56635
33635,2013,54340
33511,2013,52511
33603,2013,34565
33613,2013,26486
33621,2013,61850
33626,2013,98303
33612,2013,28474
33614,2013,35098
33615,2013,47903
33620,2013,-666666666
33607,2013,31831
33609,2013,57086
33617,2013,37323
33647,2013,72131
33705,2013,35349
33556,2013,87326
33604,2013,32091
33618,2013,58609
33637,2013,44291
33763,2013,39175
33619,2013,32481
33545,2013,66115
33559,2013,55643
33634,2013,49315
33629,2013,96661
33606,2013,61278
33616,2013,46548
33602,2013,63292
33624,2013,57872
34677,2013,58920
46077,2013,107301
46128,2013,54861
46208,2013,31999
46219,2013,41332
46239,2013,67494
46241,2013,34600
46033,2013,116021
46240,2013,53699
46201,2013,26391
46225,2013,24548
46234,2013,66186
46250,2013,53568
46229,2013,44626
46235,2013,36213
46032,2013,94045
46204,2013,39826
46214,2013,41095
46216,2013,44479
46237,2013,57266
46256,2013,71759
46142,2013,68116
46203,2013,30481
46222,2013,27581
46224,2013,30660
46226,2013,34368
46228,2013,58208
46231,2013,63340
46254,2013,40046
46260,2013,41826
46278,2013,106738
46112,2013,75738
46113,2013,63480
46218,2013,25666
46220,2013,62063
46236,2013,80833
46221,2013,48294
46227,2013,37380
46268,2013,41718
46143,2013,63265
46202,2013,31698
46205,2013,36429
46217,2013,60254
46259,2013,85700
46037,2013,99707
46290,2013,151557
46280,2013,61230
37204,2013,64267
37243,2013,-666666666
37246,2013,-666666666
37203,2013,28651
37205,2013,80910
37214,2013,49476
37026,2013,32269
37115,2013,37200
37072,2013,53138
37138,2013,56504
37207,2013,31756
37208,2013,22409
37135,2013,95580
37201,2013,54392
37213,2013,-666666666
37067,2013,95155
37013,2013,47455
37076,2013,52249
37206,2013,37369
37210,2013,26567
37215,2013,95237
37220,2013,99260
37221,2013,68473
37209,2013,43625
37217,2013,40661
37219,2013,52232
37027,2013,114257
37189,2013,52589
37228,2013,15286
37211,2013,43251
37212,2013,51435
37216,2013,44323
37218,2013,42225
19107,2013,44402
19126,2013,40031
19132,2013,24233
19134,2013,24291
19140,2013,22654
19147,2013,60400
19137,2013,43522
19136,2013,44641
19106,2013,93720
19141,2013,29601
19145,2013,35761
19116,2013,48058
19115,2013,45799
19120,2013,33966
19150,2013,46462
19087,2013,108409
19111,2013,44123
19123,2013,48798
19142,2013,30306
19143,2013,30995
19148,2013,39413
19149,2013,36906
19151,2013,40358
19118,2013,77271
19121,2013,16105
19128,2013,62052
19131,2013,27914
19135,2013,35859
19102,2013,76962
19113,2013,106250
19122,2013,23509
19129,2013,49807
19133,2013,14185
19144,2013,29961
19152,2013,50584
19138,2013,34795
19139,2013,24627
19146,2013,42068
19112,2013,-666666666
19124,2013,28726
19103,2013,63709
19104,2013,19236
19114,2013,54074
19119,2013,58378
19125,2013,41186
19127,2013,63849
19130,2013,62721
19454,2013,87658
19153,2013,47138
19154,2013,58319
85715,2014,55694
85737,2014,80789
85741,2014,51410
85748,2014,65035
85707,2014,-666666666
85724,2014,-666666666
85755,2014,83326
85756,2014,45684
85757,2014,53300
85711,2014,32815
85713,2014,33301
85730,2014,46558
85716,2014,33313
85746,2014,41419
85750,2014,73029
85714,2014,25604
85701,2014,36211
85706,2014,30000
85735,2014,47333
85641,2014,83824
85710,2014,42049
85704,2014,52214
85705,2014,24489
85718,2014,79155
85719,2014,29100
85742,2014,68209
85743,2014,69139
85745,2014,47432
85747,2014,84230
85749,2014,85861
85712,2014,32109
85739,2014,60681
33605,2014,26363
33635,2014,56383
33610,2014,30036
33611,2014,54327
33625,2014,58778
33511,2014,53167
33603,2014,34580
33613,2014,27286
33621,2014,57857
33626,2014,101119
33612,2014,28309
33614,2014,34038
33615,2014,47617
33620,2014,-666666666
33607,2014,36047
33609,2014,58091
33617,2014,37407
33647,2014,73373
33705,2014,36937
33556,2014,89258
33604,2014,32224
33618,2014,59515
33637,2014,44767
33763,2014,37594
34677,2014,57885
33619,2014,32868
33545,2014,68741
33559,2014,56842
33634,2014,49756
33629,2014,98042
33606,2014,62657
33616,2014,48595
33602,2014,64486
33624,2014,62141
46143,2014,61556
46202,2014,31499
46205,2014,35126
46217,2014,62375
46037,2014,98109
46259,2014,86329
46077,2014,105990
46128,2014,60139
46208,2014,32286
46219,2014,40775
46239,2014,67029
46241,2014,35134
46033,2014,119104
46240,2014,52855
46142,2014,65925
46203,2014,31630
46222,2014,26606
46224,2014,30050
46226,2014,33352
46228,2014,57155
46231,2014,60816
46254,2014,41467
46260,2014,43495
46278,2014,96540
46112,2014,74851
46113,2014,62753
46218,2014,25292
46220,2014,61414
46236,2014,82227
46221,2014,45722
46227,2014,36452
46268,2014,42599
46201,2014,26353
46225,2014,28461
46234,2014,67331
46250,2014,53305
46229,2014,45218
46235,2014,37942
46032,2014,96758
46204,2014,41880
46256,2014,69549
46214,2014,41657
46216,2014,42411
46237,2014,57859
46290,2014,153682
46280,2014,62175
37135,2014,99189
37201,2014,55199
37213,2014,-666666666
37067,2014,94886
37013,2014,47451
37076,2014,51579
37203,2014,31042
37205,2014,83188
37214,2014,50827
37026,2014,34898
37115,2014,36219
37072,2014,55685
37138,2014,58890
37207,2014,31826
37208,2014,25668
37206,2014,41331
37210,2014,27958
37215,2014,98990
37220,2014,100192
37221,2014,69118
37209,2014,44829
37217,2014,42802
37219,2014,57396
37027,2014,116531
37189,2014,49577
37228,2014,16726
37212,2014,52016
37211,2014,41817
37216,2014,44643
37218,2014,41133
37204,2014,66335
37243,2014,-666666666
37246,2014,-666666666
19150,2014,46267
19087,2014,109633
19111,2014,43813
19148,2014,42119
19123,2014,49629
19142,2014,30471
19143,2014,30391
19149,2014,37602
19151,2014,41092
19118,2014,76645
19121,2014,16500
19128,2014,62587
19131,2014,27011
19135,2014,37079
19122,2014,29422
19102,2014,79095
19113,2014,36125
19129,2014,48085
19133,2014,14897
19144,2014,28363
19130,2014,66994
19152,2014,49097
19138,2014,32708
19139,2014,24335
19146,2014,45473
19112,2014,-666666666
19124,2014,29703
19103,2014,66210
19104,2014,18933
19140,2014,21918
19147,2014,62722
19137,2014,46294
19136,2014,45494
19106,2014,100653
19141,2014,28622
19145,2014,36374
19125,2014,41756
19114,2014,52342
19119,2014,54478
19127,2014,65071
19107,2014,42541
19126,2014,38077
19132,2014,22487
19134,2014,24698
19116,2014,48534
19115,2014,45425
19120,2014,35328
19153,2014,44118
19154,2014,59044
19454,2014,88565
85641,2015,82808
85710,2015,41845
85704,2015,51971
85705,2015,24188
85718,2015,76853
85719,2015,29813
85742,2015,69395
85743,2015,68945
85745,2015,47841
85747,2015,82024
85749,2015,84583
85712,2015,32240
85739,2015,62063
85707,2015,-666666666
85724,2015,-666666666
85755,2015,88305
85756,2015,43658
85757,2015,54199
85715,2015,55238
85737,2015,80571
85741,2015,51614
85748,2015,64814
85711,2015,33279
85713,2015,32892
85730,2015,45873
85716,2015,33075
85701,2015,40059
85706,2015,30550
85735,2015,46476
85746,2015,39669
85750,2015,72431
85714,2015,25106
34677,2015,58761
33621,2015,55313
33626,2015,97300
33612,2015,28867
33614,2015,33384
33615,2015,47177
33620,2015,-666666666
33607,2015,35839
33609,2015,57426
33617,2015,36176
33647,2015,74239
33705,2015,38608
33629,2015,100817
33606,2015,62204
33616,2015,50019
33602,2015,69398
33624,2015,62987
33556,2015,92572
33604,2015,33750
33618,2015,60837
33637,2015,46027
33763,2015,36913
33511,2015,52979
33603,2015,35731
33613,2015,25341
33605,2015,26070
33610,2015,29240
33611,2015,55000
33625,2015,60296
33635,2015,55451
33619,2015,34807
33545,2015,72803
33559,2015,59212
33634,2015,51055
46033,2015,120226
46240,2015,53996
46142,2015,69345
46203,2015,31142
46222,2015,26932
46224,2015,32045
46226,2015,32187
46228,2015,55282
46231,2015,60610
46254,2015,41915
46260,2015,43480
46278,2015,95938
46112,2015,74533
46113,2015,62351
46218,2015,23284
46220,2015,65280
46236,2015,79667
46221,2015,42791
46227,2015,36712
46268,2015,44282
46143,2015,64428
46202,2015,32186
46205,2015,36531
46217,2015,60407
46259,2015,91922
46037,2015,102424
46077,2015,109124
46128,2015,53553
46208,2015,30410
46219,2015,40168
46239,2015,68204
46241,2015,33550
46201,2015,26366
46225,2015,30035
46234,2015,67393
46250,2015,54560
46229,2015,44473
46235,2015,37838
46032,2015,93451
46204,2015,44342
46214,2015,41375
46216,2015,47990
46237,2015,57659
46256,2015,67750
46290,2015,153656
46280,2015,61111
37072,2015,57846
37138,2015,58849
37207,2015,32396
37208,2015,27280
37135,2015,103333
37201,2015,58508
37213,2015,-666666666
37067,2015,98207
37013,2015,48423
37076,2015,52193
37206,2015,43782
37210,2015,29035
37215,2015,103693
37220,2015,104297
37221,2015,71726
37209,2015,45224
37217,2015,42455
37219,2015,50700
37027,2015,119570
37189,2015,48115
37228,2015,15540
37211,2015,42392
37212,2015,54140
37216,2015,45472
37218,2015,42733
37204,2015,69482
37243,2015,-666666666
37246,2015,-666666666
37203,2015,33072
37205,2015,86824
37214,2015,52743
37026,2015,36094
37115,2015,35758
19118,2015,77763
19121,2015,17969
19128,2015,61144
19131,2015,27722
19135,2015,38154
19102,2015,86855
19113,2015,
19122,2015,29815
19129,2015,48129
19133,2015,17016
19144,2015,27909
19130,2015,71173
19152,2015,48735
19138,2015,33706
19139,2015,24606
19146,2015,48015
19112,2015,-666666666
19124,2015,29334
19103,2015,65965
19104,2015,20483
19114,2015,51427
19119,2015,54579
19125,2015,45720
19127,2015,70556
19107,2015,47572
19126,2015,36544
19132,2015,23380
19134,2015,26014
19140,2015,21272
19147,2015,67007
19137,2015,45223
19136,2015,44912
19106,2015,101648
19141,2015,28622
19145,2015,37024
19116,2015,46452
19115,2015,45949
19120,2015,35413
19150,2015,45771
19087,2015,118801
19111,2015,44301
19123,2015,53295
19142,2015,31191
19143,2015,29465
19148,2015,44098
19149,2015,39920
19151,2015,42610
19153,2015,42777
19154,2015,60031
19454,2015,87115
85715,2016,59228
85737,2016,74972
85741,2016,54219
85748,2016,69550
85711,2016,34551
85713,2016,32353
85730,2016,45852
85716,2016,34400
85746,2016,41224
85750,2016,72760
85714,2016,24953
85701,2016,39288
85706,2016,31368
85641,2016,84438
85710,2016,41971
85704,2016,50712
85705,2016,24717
85718,2016,81574
85719,2016,29972
85742,2016,72650
85743,2016,70670
85745,2016,47751
85747,2016,80794
85749,2016,83517
85712,2016,32610
85739,2016,62063
85707,2016,-666666666
85724,2016,-666666666
85755,2016,88466
85756,2016,45631
85757,2016,53250
85735,2016,45750
33603,2016,37798
33613,2016,28975
33621,2016,56111
33626,2016,98672
33612,2016,30063
33614,2016,35099
33615,2016,47770
33620,2016,-666666666
33619,2016,37948
33545,2016,73224
33559,2016,56313
34677,2016,61820
33607,2016,37873
33609,2016,60698
33617,2016,35486
33647,2016,76755
33705,2016,41289
33556,2016,94038
33634,2016,54501
33629,2016,105683
33606,2016,63642
33616,2016,50378
33602,2016,68742
33624,2016,62350
33605,2016,25461
33610,2016,30825
33611,2016,58374
33625,2016,59700
33635,2016,56835
33511,2016,56077
33604,2016,36474
33618,2016,66132
33637,2016,50693
33763,2016,40867
46143,2016,63134
46202,2016,33020
46205,2016,37831
46217,2016,61055
46033,2016,119906
46240,2016,54635
46201,2016,27077
46259,2016,94242
46037,2016,103128
46142,2016,72122
46203,2016,31876
46222,2016,27062
46224,2016,33800
46226,2016,34241
46228,2016,60397
46231,2016,62933
46254,2016,42497
46260,2016,44724
46278,2016,104837
46112,2016,77472
46225,2016,31291
46234,2016,71652
46250,2016,55340
46229,2016,44547
46235,2016,36959
46032,2016,94636
46077,2016,118796
46128,2016,51450
46208,2016,31312
46219,2016,39384
46239,2016,69557
46241,2016,35284
46113,2016,66189
46218,2016,23203
46220,2016,66279
46236,2016,81276
46221,2016,43395
46227,2016,37686
46268,2016,45991
46204,2016,47958
46214,2016,43281
46216,2016,43631
46237,2016,60806
46256,2016,66668
46290,2016,152404
46280,2016,61782
37115,2016,37083
37067,2016,101113
37013,2016,49805
37076,2016,55533
37206,2016,45517
37210,2016,31337
37215,2016,106617
37211,2016,45744
37212,2016,54596
37216,2016,48157
37218,2016,43067
37204,2016,67857
37243,2016,-666666666
37246,2016,-666666666
37072,2016,57129
37138,2016,62894
37207,2016,33036
37208,2016,29760
37220,2016,112335
37221,2016,74192
37209,2016,49325
37217,2016,43253
37219,2016,64219
37203,2016,39408
37205,2016,91788
37214,2016,53549
37026,2016,47283
37135,2016,95598
37201,2016,59434
37213,2016,-666666666
37027,2016,125096
37189,2016,51485
37228,2016,20110
19116,2016,46325
19115,2016,47391
19120,2016,34720
19152,2016,49069
19138,2016,35536
19139,2016,26356
19146,2016,52433
19112,2016,-666666666
19124,2016,30276
19150,2016,43778
19103,2016,70746
19104,2016,21773
19114,2016,54151
19119,2016,57560
19125,2016,52500
19127,2016,70568
19107,2016,50701
19126,2016,35172
19132,2016,22316
19134,2016,27942
19087,2016,122266
19111,2016,44737
19123,2016,57793
19142,2016,29972
19143,2016,30797
19148,2016,46108
19149,2016,39889
19151,2016,44809
19118,2016,79602
19121,2016,18877
19128,2016,64038
19131,2016,31113
19135,2016,41669
19102,2016,97839
19113,2016,-666666666
19122,2016,33448
19129,2016,47945
19133,2016,18119
19144,2016,28046
19130,2016,71263
19140,2016,21630
19147,2016,70057
19137,2016,50461
19136,2016,46319
19106,2016,101138
19141,2016,29235
19145,2016,38211
19153,2016,40921
19154,2016,60170
19454,2016,89042
85701,2017,41143
85706,2017,33128
85746,2017,44106
85750,2017,71307
85714,2017,26623
85735,2017,47292
85707,2017,-666666666
85724,2017,-666666666
85755,2017,90814
85756,2017,47117
85757,2017,53271
85641,2017,83602
85710,2017,42356
85704,2017,54363
85705,2017,26856
85718,2017,84453
85719,2017,31617
85742,2017,73497
85743,2017,72353
85745,2017,48172
85747,2017,82793
85749,2017,84521
85712,2017,33805
85739,2017,63991
85715,2017,62038
85737,2017,81039
85741,2017,57328
85748,2017,70840
85711,2017,36124
85713,2017,33028
85730,2017,48334
85716,2017,37921
33556,2017,100110
33604,2017,37316
33618,2017,67325
33637,2017,52987
33763,2017,42779
33619,2017,39932
33545,2017,75828
33559,2017,57783
33634,2017,57086
33629,2017,105443
33606,2017,74855
33616,2017,57023
33602,2017,67945
33624,2017,65189
34677,2017,63750
33605,2017,26121
33610,2017,32913
33611,2017,64018
33625,2017,63766
33635,2017,60303
33511,2017,58090
33603,2017,40078
33613,2017,29695
33621,2017,65417
33626,2017,98903
33612,2017,31101
33614,2017,37115
33615,2017,49163
33620,2017,-666666666
33607,2017,40811
33609,2017,56830
33617,2017,36181
33647,2017,81693
33705,2017,43505
46143,2017,67023
46202,2017,36092
46205,2017,41773
46217,2017,57706
46259,2017,103716
46037,2017,111873
46077,2017,128642
46128,2017,54950
46208,2017,34147
46219,2017,39329
46239,2017,72207
46241,2017,36090
46033,2017,124712
46240,2017,57917
46201,2017,28783
46225,2017,33688
46234,2017,71395
46250,2017,54944
46229,2017,46946
46235,2017,36328
46142,2017,73229
46203,2017,35292
46222,2017,30821
46224,2017,35384
46226,2017,33348
46228,2017,64680
46231,2017,62390
46254,2017,43721
46260,2017,46760
46278,2017,110750
46112,2017,77245
46113,2017,69964
46218,2017,23771
46220,2017,68015
46236,2017,81822
46221,2017,45581
46227,2017,40415
46268,2017,47813
46032,2017,97184
46204,2017,49757
46214,2017,45089
46216,2017,41587
46237,2017,63388
46256,2017,66488
46290,2017,250001
46280,2017,60984
37072,2017,59463
37138,2017,67897
37207,2017,35645
37208,2017,33105
37135,2017,109538
37201,2017,69180
37213,2017,-666666666
37067,2017,104699
37013,2017,52816
37076,2017,58501
37203,2017,50988
37205,2017,91149
37214,2017,54837
37026,2017,54509
37115,2017,39579
37206,2017,50365
37210,2017,32938
37215,2017,112047
37220,2017,114841
37221,2017,76315
37209,2017,51068
37217,2017,46421
37219,2017,73676
37027,2017,128020
37189,2017,56673
37228,2017,18856
37211,2017,50209
37212,2017,59889
37216,2017,52927
37218,2017,45037
37204,2017,76250
37243,2017,-666666666
37246,2017,-666666666
19150,2017,44764
19087,2017,131623
19111,2017,46214
19123,2017,60400
19142,2017,29581
19143,2017,32741
19148,2017,49469
19149,2017,41599
19151,2017,47287
19130,2017,76464
19140,2017,18557
19147,2017,73231
19137,2017,52376
19136,2017,45570
19106,2017,106823
19141,2017,28398
19145,2017,39374
19118,2017,82712
19121,2017,17482
19128,2017,67530
19131,2017,32873
19135,2017,43192
19102,2017,99167
19113,2017,40833
19122,2017,32284
19129,2017,50162
19133,2017,15232
19144,2017,29505
19152,2017,50159
19138,2017,37842
19139,2017,26804
19146,2017,58784
19112,2017,-666666666
19124,2017,31219
19103,2017,70638
19104,2017,25005
19114,2017,56785
19119,2017,56018
19125,2017,56508
19127,2017,66325
19107,2017,49776
19126,2017,37819
19132,2017,18918
19134,2017,27546
19116,2017,51267
19115,2017,50810
19120,2017,33117
19454,2017,92137
19153,2017,41063
19154,2017,61892
85716,2018,40274
85707,2018,-666666666
85724,2018,-666666666
85755,2018,90541
85756,2018,50785
85757,2018,52981
85715,2018,67134
85737,2018,76922
85741,2018,59087
85748,2018,73410
85711,2018,39085
85713,2018,36296
85730,2018,51622
85746,2018,47202
85750,2018,76467
85714,2018,28977
85701,2018,42344
85706,2018,34132
85641,2018,87384
85710,2018,41814
85704,2018,55891
85705,2018,27657
85718,2018,85508
85719,2018,31975
85742,2018,75603
85743,2018,73507
85745,2018,51364
85747,2018,85701
85749,2018,87229
85735,2018,44338
85712,2018,36215
85739,2018,66362
33615,2018,49506
33620,2018,-666666666
33607,2018,41794
33609,2018,63873
33617,2018,37257
33647,2018,84967
33705,2018,48171
33556,2018,100456
33604,2018,40621
33618,2018,70545
33637,2018,52635
33763,2018,42992
33619,2018,41318
33545,2018,77705
33602,2018,71043
33624,2018,68125
33559,2018,63414
33634,2018,58013
33629,2018,115180
33606,2018,79598
33616,2018,60538
34677,2018,62288
33603,2018,43012
33613,2018,32676
33621,2018,67708
33626,2018,106560
33612,2018,33196
33614,2018,39746
33635,2018,60267
33511,2018,57868
33605,2018,26954
33610,2018,34878
33611,2018,64523
33625,2018,68300
46077,2018,134644
46128,2018,65833
46208,2018,34083
46219,2018,39772
46239,2018,72884
46241,2018,38102
46142,2018,72999
46203,2018,37598
46222,2018,33064
46224,2018,36063
46226,2018,34734
46228,2018,65524
46231,2018,63488
46254,2018,45138
46260,2018,47919
46278,2018,109891
46112,2018,80394
46113,2018,72430
46218,2018,24993
46220,2018,68725
46236,2018,82848
46221,2018,47768
46227,2018,40625
46268,2018,52149
46033,2018,132432
46240,2018,58982
46202,2018,41123
46205,2018,46157
46217,2018,62083
46259,2018,104130
46037,2018,113910
46143,2018,70944
46201,2018,29313
46225,2018,34962
46234,2018,75371
46250,2018,56487
46229,2018,47903
46235,2018,36166
46032,2018,102143
46204,2018,49214
46214,2018,47790
46216,2018,41546
46237,2018,64723
46256,2018,66804
46280,2018,62119
46290,2018,250001
37203,2018,53214
37205,2018,103156
37214,2018,56910
37072,2018,64093
37138,2018,70492
37207,2018,37951
37208,2018,34945
37027,2018,132364
37189,2018,65224
37228,2018,29119
37206,2018,54176
37210,2018,34824
37026,2018,51250
37115,2018,43521
37135,2018,120230
37201,2018,76250
37211,2018,53188
37212,2018,61951
37216,2018,54807
37218,2018,46904
37204,2018,78739
37067,2018,106492
37013,2018,54811
37213,2018,-666666666
37076,2018,62179
37243,2018,-666666666
37246,2018,-666666666
37215,2018,117105
37220,2018,121532
37221,2018,80564
37209,2018,53062
37217,2018,48875
37219,2018,97417
19087,2018,137943
19111,2018,48186
19123,2018,73730
19142,2018,30431
19143,2018,33351
19148,2018,52584
19149,2018,45126
19151,2018,48369
19150,2018,46150
19118,2018,85437
19107,2018,53534
19126,2018,41266
19132,2018,20955
19134,2018,28911
19121,2018,19668
19128,2018,72563
19131,2018,34844
19135,2018,44779
19102,2018,90750
19113,2018,39891
19122,2018,35828
19129,2018,63926
19133,2018,19130
19144,2018,33786
19130,2018,82632
19140,2018,21665
19147,2018,77695
19152,2018,52696
19138,2018,39851
19139,2018,28505
19116,2018,55123
19115,2018,52635
19120,2018,37891
19137,2018,54006
19136,2018,48576
19106,2018,109393
19141,2018,31018
19145,2018,42009
19146,2018,63524
19112,2018,-666666666
19124,2018,33427
19103,2018,73611
19104,2018,25865
19114,2018,56781
19119,2018,61297
19125,2018,65218
19127,2018,73750
19153,2018,42418
19154,2018,65082
19454,2018,91801
85715,2019,67957
85707,2019,-666666666
85724,2019,-666666666
85755,2019,91037
85756,2019,52247
85757,2019,57419
85711,2019,41426
85713,2019,36560
85730,2019,53236
85737,2019,86619
85741,2019,60972
85748,2019,80140
85716,2019,41025
85701,2019,43527
85706,2019,37032
85746,2019,51272
85750,2019,83689
85714,2019,29652
85735,2019,48069
85641,2019,91317
85710,2019,44277
85704,2019,56649
85705,2019,29696
85718,2019,89415
85719,2019,34230
85742,2019,78904
85743,2019,76099
85745,2019,54909
85747,2019,90080
85749,2019,92224
85712,2019,37444
85739,2019,68662
33607,2019,44806
33609,2019,71225
33617,2019,39700
33647,2019,88649
33705,2019,50637
33556,2019,103983
33604,2019,43094
33618,2019,70605
33637,2019,52004
33763,2019,44790
33619,2019,44085
33545,2019,81687
33559,2019,68895
33634,2019,57423
33629,2019,128248
33606,2019,80878
33616,2019,63074
33602,2019,72824
33624,2019,69910
33511,2019,59862
33603,2019,48197
33613,2019,34932
33621,2019,72428
33626,2019,107269
33605,2019,25855
33610,2019,36742
33611,2019,67421
33625,2019,68634
33635,2019,63899
34677,2019,63385
33612,2019,32200
33614,2019,41954
33615,2019,51672
33620,2019,-666666666
46143,2019,73894
46202,2019,43462
46205,2019,47623
46217,2019,63601
46259,2019,112833
46037,2019,120764
46033,2019,135087
46240,2019,61922
46077,2019,138686
46128,2019,62931
46208,2019,35148
46219,2019,40497
46239,2019,79381
46241,2019,38795
46201,2019,30917
46225,2019,33452
46234,2019,77528
46250,2019,58898
46229,2019,52376
46235,2019,38572
46032,2019,101526
46204,2019,58636
46214,2019,48172
46216,2019,50014
46237,2019,67560
46256,2019,70159
46142,2019,76489
46203,2019,39133
46222,2019,35986
46224,2019,37994
46226,2019,36285
46228,2019,69523
46231,2019,64720
46254,2019,44836
46260,2019,49285
46278,2019,118986
46112,2019,86372
46113,2019,75568
46218,2019,24517
46220,2019,73288
46236,2019,87483
46221,2019,50911
46227,2019,42816
46268,2019,52340
46290,2019,-666666666
46280,2019,69868
37072,2019,63784
37138,2019,72861
37207,2019,42973
37208,2019,39964
37206,2019,59203
37210,2019,36283
37215,2019,127203
37220,2019,119803
37221,2019,83331
37209,2019,54461
37217,2019,49103
37219,2019,87344
37027,2019,139932
37189,2019,75690
37228,2019,31451
37211,2019,56748
37212,2019,63586
37216,2019,61641
37218,2019,46974
37204,2019,87292
37243,2019,-666666666
37246,2019,-666666666
37135,2019,126175
37201,2019,76014
37213,2019,-666666666
37067,2019,109187
37013,2019,59015
37076,2019,65870
37203,2019,57330
37205,2019,106241
37214,2019,61558
37026,2019,59625
37115,2019,46123
19140,2019,22790
19137,2019,53255
19136,2019,51101
19106,2019,107388
19141,2019,32388
19145,2019,46540
19147,2019,81519
19118,2019,89422
19121,2019,21201
19128,2019,74564
19131,2019,37345
19135,2019,45589
19102,2019,96953
19113,2019,-666666666
19122,2019,37198
19129,2019,79034
19133,2019,20353
19144,2019,34075
19130,2019,84308
19152,2019,52321
19138,2019,41105
19139,2019,30633
19146,2019,69305
19112,2019,-666666666
19124,2019,33611
19103,2019,76103
19104,2019,26979
19114,2019,60970
19119,2019,64237
19125,2019,72990
19127,2019,75647
19107,2019,57735
19126,2019,44006
19132,2019,21600
19134,2019,31533
19150,2019,47968
19116,2019,57126
19115,2019,55621
19120,2019,37360
19087,2019,145769
19111,2019,51051
19123,2019,78444
19142,2019,33265
19143,2019,34579
19148,2019,52001
19149,2019,45253
19151,2019,49788
19454,2019,95128
19153,2019,48177
19154,2019,67392
19136,2020,54391
19106,2020,116368
19141,2020,36572
19145,2020,54353
19152,2020,55927
19138,2020,43556
19139,2020,30490
19146,2020,77091
19112,2020,-666666666
19124,2020,36884
19103,2020,79110
19104,2020,28603
19114,2020,65893
19119,2020,73671
19125,2020,79612
19127,2020,74936
19107,2020,60676
19126,2020,51858
19132,2020,23256
19134,2020,34374
19116,2020,58203
19115,2020,57323
19120,2020,38996
19087,2020,144022
19111,2020,51567
19123,2020,77111
19142,2020,35049
19143,2020,37434
19148,2020,60226
19149,2020,47196
19151,2020,47174
19118,2020,85766
19121,2020,25162
19128,2020,76854
19131,2020,39672
19135,2020,44329
19102,2020,110096
19113,2020,53125
19122,2020,44758
19129,2020,72328
19133,2020,24725
19144,2020,35047
19150,2020,51163
19130,2020,88858
19140,2020,23138
19147,2020,86147
19137,2020,53750
33602,2020,71894
33624,2020,71668
32246,2020,61730
37013,2020,60602
33634,2020,60237
19153,2020,54485
19154,2020,72161
20781,2020,86653
33619,2020,47677
33545,2020,83757
33559,2020,71724
33629,2020,126363
33606,2020,95799
33616,2020,64274
32709,2020,57150
19454,2020,94410
33603,2020,50607
33613,2020,35755
33621,2020,85000
33626,2020,113550
33612,2020,35746
33614,2020,43951
33615,2020,53516
33620,2020,-666666666
33607,2020,46587
33609,2020,85174
33617,2020,39830
33647,2020,89270
33705,2020,56914
33605,2020,23632
33610,2020,38733
33611,2020,66495
33625,2020,62539
33511,2020,61149
33635,2020,71768
28801,2020,37475
34677,2020,69861
33556,2020,112459
33604,2020,44192
33618,2020,68245
33637,2020,50518
33763,2020,46289
37067,2020,107464
37076,2020,64392
37203,2020,58032
37205,2020,107876
37214,2020,61206
37026,2020,51354
37135,2020,128281
37201,2020,92827
37213,2020,-666666666
46112,2020,91131
46113,2020,74935
37204,2020,89954
37243,2020,-666666666
37246,2020,-666666666
46032,2020,105720
46204,2020,73281
37221,2020,85933
37209,2020,61096
37217,2020,50423
37219,2020,85463
46033,2020,135423
46142,2020,77155
46203,2020,41321
37215,2020,122715
46077,2020,140092
46128,2020,79235
46143,2020,73959
46202,2020,50216
46205,2020,52068
46037,2020,115018
37220,2020,117917
37115,2020,46777
37206,2020,66065
37210,2020,36985
37072,2020,62655
37138,2020,73710
37207,2020,50583
37208,2020,47903
37211,2020,59075
37212,2020,71699
37216,2020,62214
37218,2020,46434
37027,2020,133254
37189,2020,74963
37228,2020,52344
46201,2020,31651
85701,2020,45862
85706,2020,39655
46229,2020,55407
46235,2020,41083
46260,2020,59522
46278,2020,131430
46218,2020,26615
46220,2020,77377
46214,2020,49789
46216,2020,51612
46237,2020,69839
46256,2020,71268
46240,2020,56744
46222,2020,38110
46224,2020,40965
46226,2020,36688
46228,2020,72928
46231,2020,58913
46254,2020,46693
85712,2020,37524
85711,2020,42497
85641,2020,101108
85710,2020,46055
85704,2020,62544
85705,2020,30885
85713,2020,39939
46236,2020,99712
46221,2020,49399
46227,2020,44873
46268,2020,52458
46217,2020,68063
46259,2020,111773
85707,2020,-666666666
46208,2020,40707
46219,2020,42749
46239,2020,76456
46241,2020,42342
46280,2020,69790
46290,2020,-666666666
46225,2020,35694
46234,2020,76461
46250,2020,57053
85715,2020,71949
85737,2020,91936
85741,2020,63092
85748,2020,80913
85742,2020,80808
85743,2020,74653
85745,2020,54996
85747,2020,95241
85749,2020,92238
85739,2020,68558
85746,2020,54413
85750,2020,84191
85714,2020,35260
85718,2020,93185
85719,2020,34013
85730,2020,53080
85716,2020,42147
85724,2020,-666666666
85755,2020,91817
85756,2020,53995
85757,2020,58961
85735,2020,50938
19087,2021,151113
19102,2021,115597
19103,2021,83988
19104,2021,30734
19106,2021,126287
19107,2021,62280
19111,2021,55569
19112,2021,-666666666
19113,2021,-666666666
19114,2021,70838
19115,2021,62044
19116,2021,59390
19118,2021,86475
19119,2021,72685
19120,2021,44195
19121,2021,29691
19122,2021,43981
19123,2021,83008
19124,2021,38293
19125,2021,89505
19126,2021,54936
19127,2021,81042
19128,2021,80803
19129,2021,81641
19130,2021,92097
19131,2021,42309
19132,2021,26041
19133,2021,27811
19134,2021,37821
19135,2021,46311
19136,2021,56752
19137,2021,52034
19138,2021,44455
19139,2021,32531
19140,2021,27006
19141,2021,34651
19142,2021,37621
19143,2021,38928
19144,2021,37322
19145,2021,59216
19146,2021,86372
19147,2021,93996
19148,2021,63497
19149,2021,50592
19150,2021,54121
19151,2021,49337
19152,2021,56835
19153,2021,57830
19154,2021,79833
19454,2021,101117
20781,2021,89846
28801,2021,44860
32246,2021,68500
32709,2021,74250
33511,2021,63863
33545,2021,90118
33556,2021,128333
33559,2021,76075
33602,2021,82755
33603,2021,54650
33604,2021,46617
33605,2021,28219
33606,2021,100386
33607,2021,50241
33609,2021,88794
33610,2021,40085
33611,2021,68602
33612,2021,38023
33613,2021,38085
33614,2021,46740
33615,2021,56352
33616,2021,74245
33617,2021,41961
33618,2021,69313
33619,2021,50967
33620,2021,-666666666
33621,2021,82188
33624,2021,73107
33625,2021,76694
33626,2021,114449
33629,2021,139158
33634,2021,62334
33635,2021,74867
33637,2021,52280
33647,2021,96843
33705,2021,62672
33763,2021,45589
34677,2021,76217
37013,2021,61801
37026,2021,45260
37027,2021,135284
37067,2021,107979
37072,2021,66475
37076,2021,66793
37115,2021,52448
37135,2021,131594
37138,2021,79182
37189,2021,80523
37201,2021,95353
37203,2021,59406
37204,2021,97727
37205,2021,120377
37206,2021,72446
37207,2021,52827
37208,2021,54296
37209,2021,63287
37210,2021,40945
37211,2021,61781
37212,2021,78720
37213,2021,-666666666
37214,2021,63135
37215,2021,133532
37216,2021,70728
37217,2021,52295
37218,2021,48619
37219,2021,91275
37220,2021,137976
37221,2021,90660
37228,2021,50579
37232,2021,-666666666
37238,2021,-666666666
46032,2021,108368
46033,2021,140945
46037,2021,122735
46077,2021,145774
46112,2021,97286
46113,2021,77774
46128,2021,82366
46142,2021,77455
46143,2021,79931
46201,2021,34790
46202,2021,54972
46203,2021,44356
46204,2021,77951
46205,2021,56563
46206,2021,-666666666
46208,2021,41076
46214,2021,50496
46216,2021,46905
46217,2021,75602
46218,2021,28758
46219,2021,46758
46220,2021,85942
46221,2021,55639
46222,2021,41502
46224,2021,45668
46225,2021,37111
46226,2021,37798
46227,2021,47541
46228,2021,75185
46229,2021,60435
46231,2021,62739
46234,2021,81685
46235,2021,48699
46236,2021,94547
46237,2021,71469
46239,2021,84894
46240,2021,57885
46241,2021,44543
46250,2021,62420
46254,2021,51702
46256,2021,75905
46259,2021,116150
46260,2021,62261
46268,2021,52689
46278,2021,135602
46280,2021,74583
46290,2021,-666666666
85641,2021,105841
85701,2021,44777
85704,2021,68976
85705,2021,32150
85706,2021,42081
85707,2021,-666666666
85710,2021,48583
85711,2021,45984
85712,2021,39800
85713,2021,43794
85714,2021,42267
85715,2021,75681
85716,2021,43907
85718,2021,99697
85719,2021,35985
85721,2021,-666666666
85724,2021,-666666666
85730,2021,55295
85735,2021,63497
85737,2021,92868
85739,2021,72819
85741,2021,63660
85742,2021,83057
85743,2021,76706
85745,2021,58396
85746,2021,59097
85747,2021,98682
85748,2021,84345
85749,2021,99715
85750,2021,89808
85755,2021,98196
85756,2021,58885
85757,2021,64400
19087,2022,161554
19102,2022,108350
19103,2022,93740
19104,2022,33766
19106,2022,128173
19107,2022,67690
19111,2022,57853
19112,2022,-666666666
19113,2022,-666666666
19114,2022,77737
19115,2022,67050
19116,2022,64788
19118,2022,100386
19119,2022,80519
19120,2022,46505
19121,2022,35671
19122,2022,54083
19123,2022,91092
19124,2022,44683
19125,2022,101250
19126,2022,58995
19127,2022,109250
19128,2022,88261
19129,2022,79591
19130,2022,102279
19131,2022,45434
19132,2022,28287
19133,2022,30981
19134,2022,39412
19135,2022,50000
19136,2022,64950
19137,2022,57259
19138,2022,48091
19139,2022,36730
19140,2022,30946
19141,2022,37053
19142,2022,40723
19143,2022,41764
19144,2022,41078
19145,2022,68185
19146,2022,93588
19147,2022,105233
19148,2022,71533
19149,2022,53562
19150,2022,59544
19151,2022,53328
19152,2022,61075
19153,2022,53029
19154,2022,89078
19454,2022,109579
20781,2022,89281
28801,2022,46496
32246,2022,74401
32709,2022,92550
33511,2022,70696
33545,2022,100031
33556,2022,142738
33559,2022,81715
33602,2022,88878
33603,2022,60324
33604,2022,51918
33605,2022,32381
33606,2022,106640
33607,2022,57581
33609,2022,105761
33610,2022,47591
33611,2022,75718
33612,2022,41984
33613,2022,41841
33614,2022,50168
33615,2022,61761
33616,2022,78176
33617,2022,45719
33618,2022,74016
33619,2022,55610
33620,2022,-666666666
33621,2022,93393
33624,2022,81241
33625,2022,80681
33626,2022,120240
33629,2022,152044
33634,2022,64830
33635,2022,80653
33637,2022,55748
33647,2022,103918
33705,2022,68821
33763,2022,50295
34677,2022,83034
37013,2022,67270
37026,2022,40189
37027,2022,148564
37067,2022,105403
37072,2022,72370
37076,2022,68894
37115,2022,55313
37135,2022,140024
37138,2022,87465
37189,2022,88804
37201,2022,106460
37203,2022,63834
37204,2022,104987
37205,2022,136100
37206,2022,80915
37207,2022,59973
37208,2022,59050
37209,2022,68898
37210,2022,41736
37211,2022,64856
37212,2022,83458
37213,2022,-666666666
37214,2022,71582
37215,2022,148074
37216,2022,74693
37217,2022,57084
37218,2022,55813
37219,2022,96776
37220,2022,150132
37221,2022,96623
37228,2022,65930
37232,2022,-666666666
37238,2022,-666666666
46032,2022,121496
46033,2022,147998
46037,2022,132272
46077,2022,154324
46112,2022,106043
46113,2022,86407
46128,2022,89148
46142,2022,78365
46143,2022,84766
46201,2022,38848
46202,2022,59578
46203,2022,51050
46204,2022,84735
46205,2022,63161
46206,2022,-666666666
46208,2022,46693
46214,2022,53970
46216,2022,58009
46217,2022,85440
46218,2022,32772
46219,2022,53727
46220,2022,93595
46221,2022,57379
46222,2022,43552
46224,2022,49950
46225,2022,44961
46226,2022,43371
46227,2022,49032
46228,2022,85272
46229,2022,63857
46231,2022,73087
46234,2022,85108
46235,2022,53262
46236,2022,107469
46237,2022,75318
46239,2022,89832
46240,2022,63317
46241,2022,47929
46250,2022,65869
46254,2022,54562
46256,2022,83330
46259,2022,123173
46260,2022,66330
46268,2022,57683
46278,2022,148227
46280,2022,80267
46290,2022,-666666666
85641,2022,114201
85701,2022,52639
85704,2022,73268
85705,2022,33941
85706,2022,46532
85707,2022,-666666666
85710,2022,52299
85711,2022,50227
85712,2022,45254
85713,2022,47708
85714,2022,45543
85715,2022,80171
85716,2022,47568
85718,2022,107142
85719,2022,39144
85721,2022,-666666666
85724,2022,-666666666
85730,2022,58609
85735,2022,68193
85737,2022,101165
85739,2022,80327
85741,2022,68395
85742,2022,92627
85743,2022,86584
85745,2022,63687
85746,2022,65611
85747,2022,104855
85748,2022,90448
85749,2022,108223
85750,2022,97140
85755,2022,107350
85756,2022,62699
85757,2022,72426
19087,2023,165451
19102,2023,114844
19103,2023,97940
19104,2023,39526
19106,2023,129779
19107,2023,70382
19111,2023,60441
19112,2023,-666666666
19113,2023,-666666666
19114,2023,76076
19115,2023,70388
19116,2023,67558
19118,2023,105667
19119,2023,81609
19120,2023,51993
19121,2023,36208
19122,2023,57785
19123,2023,95872
19124,2023,46100
19125,2023,110842
19126,2023,52847
19127,2023,99792
19128,2023,89639
19129,2023,77225
19130,2023,110436
19131,2023,46057
19132,2023,30974
19133,2023,31756
19134,2023,41849
19135,2023,51817
19136,2023,65499
19137,2023,64401
19138,2023,51586
19139,2023,38701
19140,2023,33149
19141,2023,42461
19142,2023,42812
19143,2023,47964
19144,2023,45727
19145,2023,70374
19146,2023,99702
19147,2023,104190
19148,2023,80469
19149,2023,54679
19150,2023,61257
19151,2023,58046
19152,2023,57966
19153,2023,53434
19154,2023,93479
19454,2023,114323
20781,2023,91037
28801,2023,51125
32246,2023,78506
32709,2023,83015
33511,2023,77383
33545,2023,108835
33556,2023,151034
33559,2023,78264
33602,2023,88569
33603,2023,64632
33604,2023,55988
33605,2023,36790
33606,2023,113634
33607,2023,66404
33609,2023,105083
33610,2023,49765
33611,2023,82804
33612,2023,43919
33613,2023,44642
33614,2023,51143
33615,2023,66257
33616,2023,88971
33617,2023,48651
33618,2023,79850
33619,2023,63193
33620,2023,-666666666
33621,2023,117880
33624,2023,81039
33625,2023,83907
33626,2023,123580
33629,2023,158337
33634,2023,69185
33635,2023,83843
33637,2023,60526
33647,2023,104775
33705,2023,70783
33763,2023,53552
34677,2023,85389
37013,2023,72233
37026,2023,41881
37027,2023,156002
37067,2023,110202
37072,2023,75514
37076,2023,74555
37115,2023,53034
37135,2023,146028
37138,2023,87450
37189,2023,93577
37201,2023,88438
37203,2023,69671
37204,2023,109341
37205,2023,133068
37206,2023,88605
37207,2023,60102
37208,2023,62682
37209,2023,75810
37210,2023,43343
37211,2023,69936
37212,2023,86461
37213,2023,-666666666
37214,2023,71969
37215,2023,151156
37216,2023,82134
37217,2023,61529
37218,2023,59073
37219,2023,104199
37220,2023,156227
37221,2023,99083
37228,2023,73708
37232,2023,-666666666
37238,2023,-666666666
46032,2023,123438
46033,2023,150529
46037,2023,137969
46077,2023,160868
46112,2023,113293
46113,2023,85510
46128,2023,85250
46142,2023,85611
46143,2023,89401
46201,2023,43183
46202,2023,61082
46203,2023,55375
46204,2023,88081
46205,2023,65756
46206,2023,-666666666
46208,2023,55435
46214,2023,58863
46216,2023,56838
46217,2023,88326
46218,2023,34635
46219,2023,57811
46220,2023,103735
46221,2023,58316
46222,2023,45198
46224,2023,53731
46225,2023,47917
46226,2023,47086
46227,2023,50993
46228,2023,95574
46229,2023,62982
46231,2023,76823
46234,2023,83137
46235,2023,56160
46236,2023,117530
46237,2023,76676
46239,2023,92160
46240,2023,70728
46241,2023,51598
46250,2023,69591
46254,2023,57825
46256,2023,86529
46259,2023,129615
46260,2023,70642
46268,2023,63322
46278,2023,153930
46280,2023,84561
46290,2023,-666666666
85641,2023,121647
85701,2023,52672
85704,2023,76915
85705,2023,36606
85706,2023,49072
85707,2023,-666666666
85710,2023,54738
85711,2023,52358
85712,2023,48185
85713,2023,50264
85714,2023,47093
85715,2023,82651
85716,2023,47009
85718,2023,112664
85719,2023,41086
85721,2023,-666666666
85724,2023,-666666666
85730,2023,60849
85735,2023,71250
85737,2023,106812
85739,2023,84863
85741,2023,71812
85742,2023,96550
85743,2023,89484
85745,2023,68608
85746,2023,68506
85747,2023,107290
85748,2023,93241
85749,2023,108444
85750,2023,100146
85755,2023,109368
85756,2023,67617
85757,2023,83741
19087,2024,171179
19102,2024,102093
19103,2024,99644
19104,2024,38814
19106,2024,121047
19107,2024,69105
19111,2024,61138
19112,2024,-666666666
19113,2024,-666666666
19114,2024,77708
19115,2024,70054
19116,2024,67535
19118,2024,109649
19119,2024,92651
19120,2024,54000
19121,2024,38516
19122,2024,63676
19123,2024,102106
19124,2024,45314
19125,2024,109554
19126,2024,53176
19127,2024,102106
19128,2024,93173
19129,2024,80606
19130,2024,112037
19131,2024,48393
19132,2024,32823
19133,2024,31034
19134,2024,44066
19135,2024,53138
19136,2024,56687
19137,2024,76739
19138,2024,57744
19139,2024,40947
19140,2024,36226
19141,2024,43998
19142,2024,38376
19143,2024,43244
19144,2024,53161
19145,2024,71965
19146,2024,103059
19147,2024,105755
19148,2024,82605
19149,2024,58496
19150,2024,66936
19151,2024,54634
19152,2024,59408
19153,2024,55213
19154,2024,95027
19454,2024,118177
20781,2024,86018
28801,2024,58438
32246,2024,80963
32709,2024,73224
33511,2024,81301
33545,2024,118889
33556,2024,149722
33559,2024,80185
33602,2024,97320
33603,2024,74081
33604,2024,58766
33605,2024,36975
33606,2024,120729
33607,2024,69694
33609,2024,115844
33610,2024,54209
33611,2024,90910
33612,2024,47199
33613,2024,44032
33614,2024,50232
33615,2024,69274
33616,2024,93210
33617,2024,50948
33618,2024,84788
33619,2024,66134
33620,2024,-666666666
33621,2024,107188
33624,2024,87760
33625,2024,93133
33626,2024,127118
33629,2024,164355
33634,2024,74291
33635,2024,86894
33637,2024,63323
33647,2024,109285
33705,2024,73027
33763,2024,54794
34677,2024,93474
37013,2024,72755
37026,2024,43005
37027,2024,154578
37067,2024,111759
37072,2024,78123
37076,2024,74663
37115,2024,54566
37135,2024,148819
37138,2024,85149
37189,2024,87047
37201,2024,114229
37203,2024,71281
37204,2024,109580
37205,2024,139152
37206,2024,96169
37207,2024,61744
37208,2024,65556
37209,2024,81423
37210,2024,50284
37211,2024,71399
37212,2024,95145
37213,2024,-666666666
37214,2024,72012
37215,2024,155863
37216,2024,86701
37217,2024,62796
37218,2024,61919
37219,2024,105476
37220,2024,180417
37221,2024,97751
37228,2024,60378
37232,2024,-666666666
37238,2024,-666666666
46032,2024,132085
46033,2024,153143
46037,2024,141810
46077,2024,177679
46112,2024,112565
46113,2024,84463
46128,2024,86466
46142,2024,89001
46143,2024,91496
46201,2024,49195
46202,2024,63506
46203,2024,57393
46204,2024,86396
46205,2024,72417
46206,2024,-666666666
46208,2024,60062
46214,2024,59178
46216,2024,53161
46217,2024,92029
46218,2024,38063
46219,2024,60803
46220,2024,108050
46221,2024,65280
46222,2024,50783
46224,2024,55986
46225,2024,55190
46226,2024,50325
46227,2024,53629
46228,2024,91156
46229,2024,61388
46231,2024,71825
46234,2024,83190
46235,2024,58951
46236,2024,115664
46237,2024,79078
46239,2024,100331
46240,2024,75156
46241,2024,53653
46250,2024,67328
46254,2024,60287
46256,2024,93847
46259,2024,129345
46260,2024,72504
46268,2024,68631
46278,2024,158648
46280,2024,91152
46290,2024,-666666666
85641,2024,131164
85701,2024,51794
85704,2024,81696
85705,2024,37194
85706,2024,50248
85707,2024,-666666666
85710,2024,57175
85711,2024,56121
85712,2024,50625
85713,2024,53152
85714,2024,55000
85715,2024,85069
85716,2024,49061
85718,2024,114892
85719,2024,42241
85721,2024,-666666666
85724,2024,-666666666
85730,2024,62090
85735,2024,74158
85737,2024,107348
85739,2024,81711
85741,2024,76271
85742,2024,98844
85743,2024,90093
85745,2024,71348
85746,2024,68903
85747,2024,110816
85748,2024,95750
85749,2024,109219
85750,2024,102836
85755,2024,113831
85756,2024,72490
85757,2024,83219
